Justin Foo_replace, justinfoo_replace, replace_justinFoo@engineercoder.io, +4478997218replace, engineercoder_replace_.io
William Cake_replace, willcake_replace, replace_willcake@engineercoder.io, +4478997219replace, engineercoder_replace_.io
Andy Ske_replace, andyske_replace, replace_andyske@engineercoder.io, +4478997220replace, engineercoder_replace.io
Richard Taylor_replace, rtaylor_replace, replace_rtaylor@engineercoder.io, +4478997220replace, +4478997220replace.io